date,open,high,low,close,volume,name
2017-01-03,757.92,758.7595,747.7,753.67,3521066,AMZN
2017-01-04,758.39,759.68,754.2,757.18,2510526,AMZN
2017-01-05,761.55,782.3999,760.2557,780.45,5830068,AMZN
2017-01-06,782.36,799.44,778.48,795.99,5986234,AMZN
2017-01-09,798.0,801.7742,791.77,796.92,3446109,AMZN
2017-01-10,796.6,798.0,789.5434,795.9,2558369,AMZN
2017-01-11,793.66,799.5,789.51,799.02,2992791,AMZN
2017-01-12,800.31,814.13,799.5,813.64,4873922,AMZN
2017-01-13,814.32,821.65,811.4,817.14,3791945,AMZN
2017-01-17,815.7,816.0,803.44,809.72,3670529,AMZN
2017-01-18,809.5,811.73,804.27,807.48,2354201,AMZN
2017-01-19,810.0,813.51,807.32,809.04,2540784,AMZN
2017-01-20,815.28,816.02,806.26,808.33,3376196,AMZN
2017-01-23,806.8,818.5,805.08,817.88,2797474,AMZN
2017-01-24,822.0,823.99,814.5,822.44,2971740,AMZN
2017-01-25,825.79,837.4183,825.288,836.52,4023078,AMZN
2017-01-26,835.53,843.84,833.0,839.15,3586323,AMZN
2017-01-27,839.0,839.7,829.44,835.77,2998700,AMZN
2017-01-30,833.0,833.5,816.38,830.38,3747336,AMZN
2017-01-31,823.75,826.99,819.56,823.48,3137196,AMZN
2017-02-01,829.21,833.78,824.94,832.35,3850181,AMZN
2017-02-02,836.59,842.49,828.26,839.95,7350492,AMZN
2017-02-03,806.72,818.3,804.0,810.2,10868773,AMZN
2017-02-06,809.8,810.72,803.0,807.64,3897301,AMZN
2017-02-07,809.31,816.16,807.5,812.5,3466091,AMZN
2017-02-08,812.69,821.4789999999999,812.5,819.71,2857985,AMZN
2017-02-09,821.6,825.0,819.71,821.36,2484948,AMZN
2017-02-10,823.82,828.0,822.85,827.46,2429609,AMZN
2017-02-13,831.62,842.9999,828.55,836.53,4172618,AMZN
2017-02-14,837.0,838.31,831.4522,836.39,2792442,AMZN
2017-02-15,834.0,842.81,832.82,842.7,2968853,AMZN
2017-02-16,841.84,845.0,839.375,844.14,2714667,AMZN
2017-02-17,842.0,847.27,840.73,845.07,3112275,AMZN
2017-02-21,848.84,857.98,847.25,856.44,3507742,AMZN
2017-02-22,856.95,858.43,852.18,855.61,2616971,AMZN
2017-02-23,857.57,860.86,848.0,852.19,3461984,AMZN
2017-02-24,844.69,845.81,837.7501,845.24,3687963,AMZN
2017-02-27,842.38,852.5,839.67,848.64,2713627,AMZN
2017-02-28,851.45,854.09,842.05,845.04,2793709,AMZN
2017-03-01,853.05,854.83,849.01,853.08,2760083,AMZN
2017-03-02,853.08,854.82,847.28,848.91,2132098,AMZN
2017-03-03,847.2,851.985,846.27,849.88,1951575,AMZN
2017-03-06,845.23,848.49,841.12,846.61,2610370,AMZN
2017-03-07,845.48,848.46,843.75,846.02,2247554,AMZN
2017-03-08,848.0,853.07,846.79,850.5,2288317,AMZN
2017-03-09,851.0,856.3999,850.31,853.0,2048187,AMZN
2017-03-10,857.0,857.35,851.72,852.46,2436434,AMZN
2017-03-13,851.77,855.69,851.71,854.59,1909672,AMZN
2017-03-14,853.55,853.75,847.55,852.53,2130586,AMZN
2017-03-15,854.33,854.45,847.11,852.97,2562176,AMZN
2017-03-16,855.3,855.5,850.51,853.42,1842296,AMZN
2017-03-17,853.49,853.83,850.64,852.31,3384403,AMZN
2017-03-20,851.51,857.8,851.01,856.97,2282727,AMZN
2017-03-21,858.84,862.795,841.31,843.2,4382852,AMZN
2017-03-22,840.43,849.37,839.05,848.06,2658669,AMZN
2017-03-23,848.2,850.89,844.8,847.38,1952964,AMZN
2017-03-24,851.68,851.8,843.53,845.61,2138269,AMZN
2017-03-27,838.07,850.3,833.5,846.82,2755775,AMZN
2017-03-28,851.75,858.46,850.1,856.0,3041633,AMZN
2017-03-29,859.05,876.438,859.02,874.32,4485770,AMZN
2017-03-30,874.95,877.06,871.66,876.34,2762730,AMZN
2017-03-31,877.0,890.35,876.65,886.54,3957612,AMZN
2017-04-03,888.0,893.49,885.42,891.51,3422328,AMZN
2017-04-04,891.5,908.5384,890.28,906.83,4984656,AMZN
2017-04-05,910.82,923.72,905.62,909.28,7508370,AMZN
2017-04-06,913.8,917.1899,894.4927,898.28,6344065,AMZN
2017-04-07,899.65,900.09,889.31,894.88,3707367,AMZN
2017-04-10,899.63,908.51,899.0,907.04,3184301,AMZN
2017-04-11,907.04,911.24,897.5,902.36,3012743,AMZN
2017-04-12,903.09,904.09,895.2501,896.23,2456140,AMZN
2017-04-13,891.45,894.97,884.49,884.67,3174583,AMZN
2017-04-17,887.5,902.38,887.5,901.99,2854673,AMZN
2017-04-18,900.99,909.61,900.78,903.78,2999238,AMZN
2017-04-19,907.84,910.5,897.3689999999999,899.2,2870242,AMZN
2017-04-20,899.7,905.32,896.29,902.06,2814441,AMZN
2017-04-21,902.67,903.65,896.77,898.53,2420494,AMZN
2017-04-24,908.68,909.99,903.82,907.41,3122893,AMZN
2017-04-25,907.04,909.48,903.0,907.62,3380639,AMZN
2017-04-26,910.3,915.7489999999999,907.56,909.29,2608948,AMZN
2017-04-27,914.39,921.86,912.11,918.38,5305543,AMZN
2017-04-28,948.83,949.59,924.3335,924.99,7364681,AMZN
2017-05-01,927.8,954.4,927.8,948.23,5466544,AMZN
2017-05-02,946.645,950.1,941.413,946.94,3848835,AMZN
2017-05-03,946.0,946.0,935.9,941.03,3582686,AMZN
2017-05-04,944.75,945.0,934.215,937.53,2418381,AMZN
2017-05-05,940.52,940.79,930.3,934.15,2866397,AMZN
2017-05-08,940.95,949.05,939.21,949.04,3415731,AMZN
2017-05-09,952.8,957.89,950.2,952.82,3262113,AMZN
2017-05-10,953.5,953.7499,945.0,948.95,2096512,AMZN
2017-05-11,945.11,950.29,940.775,947.62,2194070,AMZN
2017-05-12,954.5,962.79,951.53,961.35,3625857,AMZN
2017-05-15,958.73,963.15,956.055,957.97,4270625,AMZN
2017-05-16,961.0,970.06,960.91,966.07,3126051,AMZN
2017-05-17,954.7,960.3957,944.12,944.76,5145578,AMZN
2017-05-18,944.8,962.75,944.76,958.49,3939347,AMZN
2017-05-19,962.84,968.92,959.72,959.84,3972089,AMZN
2017-05-22,964.0,971.38,962.9,970.67,2642217,AMZN
2017-05-23,975.02,975.2,966.85,971.54,2415594,AMZN
2017-05-24,976.0,981.0,970.23,980.35,2463052,AMZN
2017-05-25,984.85,999.0,982.11,993.38,4822032,AMZN
2017-05-26,995.0,998.65,989.2491,995.78,3469154,AMZN
2017-05-30,996.51,1001.2,995.52,996.7,3263069,AMZN
2017-05-31,1000.0,1000.12,982.16,994.62,3913115,AMZN
2017-06-01,998.59,998.99,991.37,995.95,2454841,AMZN
2017-06-02,998.99,1008.48,995.67,1006.73,3752328,AMZN
2017-06-05,1007.23,1013.21,1003.51,1011.34,2719859,AMZN
2017-06-06,1012.0,1016.5,1001.25,1003.0,3346432,AMZN
2017-06-07,1005.95,1010.25,1002.0,1010.07,2823041,AMZN
2017-06-08,1012.06,1013.61,1006.11,1010.27,2767857,AMZN
2017-06-09,1012.5,1012.99,927.0,978.31,7647692,AMZN
2017-06-12,967.0,975.95,945.0,964.91,9447233,AMZN
2017-06-13,977.99,984.5,966.1,980.79,4580011,AMZN
2017-06-14,988.59,990.34,966.71,976.47,3974900,AMZN
2017-06-15,958.7,965.73,950.86,964.17,5373865,AMZN
2017-06-16,996.0,999.75,982.0,987.71,11472662,AMZN
2017-06-19,1017.0,1017.0,989.9,995.17,5043408,AMZN
2017-06-20,998.0,1004.88,992.02,992.59,4076828,AMZN
2017-06-21,998.7,1002.72,992.6518,1002.23,2922473,AMZN
2017-06-22,1002.23,1006.96,997.2,1001.3,2253433,AMZN
2017-06-23,1002.54,1004.62,998.02,1003.74,2879145,AMZN
2017-06-26,1008.5,1009.8,992.0,993.98,3386157,AMZN
2017-06-27,990.69,998.8,976.0,976.78,3782389,AMZN
2017-06-28,978.55,990.68,969.21,990.33,3737567,AMZN
2017-06-29,979.0,987.56,965.25,975.93,4302968,AMZN
2017-06-30,980.12,983.47,967.61,968.0,3390345,AMZN
2017-07-03,972.79,974.49,951.0001,953.66,2909108,AMZN
2017-07-05,961.53,975.0,955.25,971.4,3652955,AMZN
2017-07-06,964.66,974.4,959.02,965.14,3259613,AMZN
2017-07-07,969.55,980.11,969.14,978.76,2643387,AMZN
2017-07-10,985.0,999.4392,983.5,996.47,3546268,AMZN
2017-07-11,993.0,995.99,983.72,994.13,2982726,AMZN
2017-07-12,1000.65,1008.55,998.1,1006.51,3608574,AMZN
2017-07-13,1004.62,1006.88,995.9,1000.63,2880769,AMZN
2017-07-14,1002.4,1004.45,996.89,1001.81,2102469,AMZN
2017-07-17,1004.69,1014.75,1003.81,1010.04,3712587,AMZN
2017-07-18,1006.0,1026.03,1004.0,1024.45,4007624,AMZN
2017-07-19,1025.0,1031.59,1022.5,1026.87,2963964,AMZN
2017-07-20,1031.59,1034.97,1022.51,1028.7,3097487,AMZN
2017-07-21,1021.28,1026.1,1011.0,1025.67,2734577,AMZN
2017-07-24,1028.34,1043.01,1027.43,1038.95,3288020,AMZN
2017-07-25,1038.05,1043.33,1032.48,1039.87,2447629,AMZN
2017-07-26,1043.2,1053.2,1043.2,1052.8,2921253,AMZN
2017-07-27,1069.55,1083.31,1040.18,1046.0,10991715,AMZN
2017-07-28,1012.14,1032.85,1001.0,1020.04,7709420,AMZN
2017-07-31,1019.05,1019.05,987.02,987.78,7352063,AMZN
2017-08-01,990.65,995.0,987.14,992.27,2650376,AMZN
2017-08-02,1001.77,1003.21,981.73,995.89,4069993,AMZN
2017-08-03,999.47,999.5,984.59,986.92,3255764,AMZN
2017-08-04,989.68,991.672,982.0,987.58,2730308,AMZN
2017-08-07,990.65,995.0,987.14,992.27,2676607,AMZN
2017-08-08,994.35,996.28,985.79,989.84,2902815,AMZN
2017-08-09,982.6,988.0,975.27,982.01,3569731,AMZN
2017-08-10,976.295,979.86,954.68,956.92,5684068,AMZN
2017-08-11,960.0,970.39,951.38,967.99,3468017,AMZN
2017-08-14,978.41,985.5,976.19,983.3,3172892,AMZN
2017-08-15,988.9,991.74,982.0,982.74,2549295,AMZN
2017-08-16,981.65,986.4605,973.22,978.18,3132066,AMZN
2017-08-17,977.84,977.84,960.32,960.57,3512397,AMZN
2017-08-18,961.4,965.43,954.65,958.47,3284821,AMZN
2017-08-21,957.57,961.2,945.46,953.29,3164483,AMZN
2017-08-22,955.52,967.93,955.495,966.9,2749970,AMZN
2017-08-23,959.38,962.0,954.2,958.0,2668264,AMZN
2017-08-24,957.42,959.0,941.14,952.45,5195726,AMZN
2017-08-25,956.0,957.6210000000001,944.1,945.26,3324791,AMZN
2017-08-28,946.54,953.0,942.25,946.02,2596737,AMZN
2017-08-29,940.0,956.0,936.33,954.06,2874299,AMZN
2017-08-30,958.44,969.41,956.9062,967.59,2904604,AMZN
2017-08-31,974.7,981.0,972.76,980.6,3331488,AMZN
2017-09-01,984.2,984.5,976.875,978.25,2535917,AMZN
2017-09-05,975.4,976.7699,960.37,965.27,2998649,AMZN
2017-09-06,968.32,971.84,960.6,967.8,2129861,AMZN
2017-09-07,974.0,980.59,972.55,979.47,2566794,AMZN
2017-09-08,979.1,979.88,963.47,965.9,2605322,AMZN
2017-09-11,974.46,981.94,974.22,977.96,2186666,AMZN
2017-09-12,983.27,984.6718,975.5169999999999,982.58,2481066,AMZN
2017-09-13,983.97,1000.0,979.42,999.6,3374650,AMZN
2017-09-14,996.8,998.56,987.74,992.21,3913263,AMZN
2017-09-15,993.01,996.25,984.03,986.79,3760183,AMZN
2017-09-18,990.4,992.7922,968.17,974.19,3411324,AMZN
2017-09-19,977.25,978.24,967.46,969.86,2671054,AMZN
2017-09-20,971.79,974.81,962.1626,973.21,2888795,AMZN
2017-09-21,971.31,971.7,962.02,964.65,2337576,AMZN
2017-09-22,961.01,965.61,954.42,955.1,2641787,AMZN
2017-09-25,949.31,949.42,932.89,939.79,5123997,AMZN
2017-09-26,945.49,948.63,931.75,938.6,3564848,AMZN
2017-09-27,948.0,955.3,943.3,950.87,3148933,AMZN
2017-09-28,951.86,959.7,950.1010000000001,956.4,2522567,AMZN
2017-09-29,960.11,964.83,958.375,961.35,2543759,AMZN
2017-10-02,964.0,967.305,952.1201,959.19,2442937,AMZN
2017-10-03,958.0,963.69,950.37,957.1,2666574,AMZN
2017-10-04,954.21,967.79,954.05,965.45,2527352,AMZN
2017-10-05,970.0,981.51,969.64,980.85,3229224,AMZN
2017-10-06,975.64,995.75,975.64,989.58,3782067,AMZN
2017-10-09,993.24,998.5,987.5,990.99,2938586,AMZN
2017-10-10,996.67,997.95,980.0989999999999,987.2,3084921,AMZN
2017-10-11,991.27,995.5,986.695,995.0,2337113,AMZN
2017-10-12,996.81,1008.44,992.4,1000.93,4067317,AMZN
2017-10-13,1007.0,1007.77,1001.03,1002.94,2431462,AMZN
2017-10-16,1008.44,1009.57,1001.04,1006.34,2008908,AMZN
2017-10-17,1005.59,1011.47,1004.38,1009.13,2319742,AMZN
2017-10-18,1009.27,1022.31,996.55,997.0,2499681,AMZN
2017-10-19,990.0,991.05,980.24,986.61,3108197,AMZN
2017-10-20,993.53,994.62,982.0,982.91,2365122,AMZN
2017-10-23,986.73,986.775,962.5,966.3,3494100,AMZN
2017-10-24,969.0,979.85,965.0,975.9,2723935,AMZN
2017-10-25,978.0,984.44,966.24,972.91,3033113,AMZN
2017-10-26,980.33,982.9,968.55,972.43,5618675,AMZN
2017-10-27,1058.14,1105.58,1050.55,1100.95,16565021,AMZN
2017-10-30,1095.01,1122.79,1093.56,1110.85,6613064,AMZN
2017-10-31,1109.0,1110.54,1101.12,1105.28,3476967,AMZN
2017-11-01,1105.4,1108.97,1096.74,1103.68,3755511,AMZN
2017-11-02,1097.81,1101.93,1086.87,1094.22,3684876,AMZN
2017-11-03,1091.15,1112.68,1088.52,1111.6,3751480,AMZN
2017-11-06,1109.15,1125.41,1108.77,1120.66,3381138,AMZN
2017-11-07,1124.74,1130.6,1117.5,1123.17,2688977,AMZN
2017-11-08,1122.82,1135.54,1119.11,1132.88,2581451,AMZN
2017-11-09,1125.96,1129.62,1115.77,1129.13,3725774,AMZN
2017-11-10,1126.1,1131.75,1124.06,1125.35,2179937,AMZN
2017-11-13,1123.0,1139.9,1122.34,1129.17,2918439,AMZN
2017-11-14,1130.11,1138.0,1123.89,1136.84,3138423,AMZN
2017-11-15,1127.01,1131.75,1121.63,1126.69,3928680,AMZN
2017-11-16,1130.16,1138.16,1130.05,1137.29,2213322,AMZN
2017-11-17,1138.28,1138.8,1125.81,1129.88,2413388,AMZN
2017-11-20,1129.77,1133.42,1122.55,1126.31,2163855,AMZN
2017-11-21,1132.86,1140.0,1128.2,1139.49,2479397,AMZN
2017-11-22,1141.0,1160.27,1141.0,1156.16,3555273,AMZN
2017-11-24,1160.7,1186.84,1160.7,1186.0,3528011,AMZN
2017-11-27,1202.66,1213.41,1191.15,1195.83,6744045,AMZN
2017-11-28,1204.88,1205.34,1188.52,1193.6,4559449,AMZN
2017-11-29,1194.8,1194.8,1145.19,1161.27,9257512,AMZN
2017-11-30,1167.1,1178.57,1160.0,1176.75,4509208,AMZN
2017-12-01,1172.05,1179.65,1152.0,1162.35,4107094,AMZN
2017-12-04,1173.85,1175.2,1128.0,1133.95,5931915,AMZN
2017-12-05,1128.26,1159.27,1124.74,1141.57,4079774,AMZN
2017-12-06,1137.99,1155.89,1136.08,1152.35,2853316,AMZN
2017-12-07,1156.59,1163.19,1151.0,1159.79,2511569,AMZN
2017-12-08,1170.4,1172.79,1157.1,1162.0,3050074,AMZN
2017-12-11,1164.6,1169.9,1157.0,1168.92,2363473,AMZN
2017-12-12,1166.51,1173.6,1161.61,1165.08,2235892,AMZN
2017-12-13,1170.0,1170.87,1160.27,1164.13,2616760,AMZN
2017-12-14,1163.71,1177.93,1162.45,1174.26,3214337,AMZN
2017-12-15,1179.03,1182.75,1169.33,1179.14,4778621,AMZN
2017-12-18,1187.37,1194.78,1180.91,1190.58,2947625,AMZN
2017-12-19,1189.15,1192.97,1179.14,1187.38,2587792,AMZN
2017-12-20,1190.5,1191.0,1176.0,1177.62,2371166,AMZN
2017-12-21,1175.9,1179.17,1167.64,1174.76,2123117,AMZN
2017-12-22,1172.08,1174.62,1167.83,1168.36,1585054,AMZN
2017-12-26,1168.36,1178.32,1160.55,1176.76,2005187,AMZN
2017-12-27,1179.91,1187.29,1175.61,1182.26,1867208,AMZN
2017-12-28,1189.0,1190.1,1184.38,1186.1,1841676,AMZN
2017-12-29,1182.35,1184.0,1167.5,1169.47,2688391,AMZN
2017-01-03,795.58,802.15,784.39,791.46,248931,AZO
2017-01-04,789.94,795.88,786.8,793.04,187533,AZO
2017-01-05,788.72,795.99,785.01,792.0,243301,AZO
2017-01-06,791.0,796.735,788.26,792.91,216484,AZO
2017-01-09,795.73,795.73,788.39,790.34,127125,AZO
2017-01-10,788.72,797.16,788.6,793.68,186478,AZO
2017-01-11,796.16,800.0,787.69,792.0,171024,AZO
2017-01-12,788.35,790.965,781.7,790.27,213659,AZO
2017-01-13,787.67,793.3,779.81,779.81,262110,AZO
2017-01-17,780.26,787.3,780.26,782.29,278706,AZO
2017-01-18,785.54,785.67,772.55,778.3,308007,AZO
2017-01-19,775.07,776.48,767.0,769.9,255533,AZO
2017-01-20,771.2,775.0039999999999,764.21,770.02,340404,AZO
2017-01-23,753.6,754.1,730.99,739.35,701214,AZO
2017-01-24,742.14,746.5,735.41,738.43,355222,AZO
2017-01-25,743.43,744.28,734.06,735.0,391111,AZO
2017-01-26,736.17,739.82,729.82,729.89,361619,AZO
2017-01-27,729.55,731.21,723.45,730.0,320772,AZO
2017-01-30,728.45,731.92,723.34,724.41,339936,AZO
2017-01-31,725.64,726.55,718.07,724.98,1938773,AZO
2017-02-01,728.74,729.56,713.09,714.99,394208,AZO
2017-02-02,714.24,726.38,713.44,725.43,457452,AZO
2017-02-03,724.93,731.59,722.66,724.72,318848,AZO
2017-02-06,723.64,728.98,720.06,720.49,299891,AZO
2017-02-07,721.15,726.48,716.42,721.66,349882,AZO
2017-02-08,720.5,743.14,717.52,741.06,566519,AZO
2017-02-09,743.65,749.01,739.35,745.94,444648,AZO
2017-02-10,751.61,751.61,738.2,740.65,236469,AZO
2017-02-13,741.0,741.0,733.1875,736.09,173986,AZO
2017-02-14,735.0,739.38,732.095,735.79,267484,AZO
2017-02-15,735.0,741.36,734.14,739.5,229105,AZO
2017-02-16,743.19,744.885,733.8,737.36,264848,AZO
2017-02-17,737.66,741.775,734.135,741.05,231431,AZO
2017-02-21,745.0,749.99,736.71,740.66,319734,AZO
2017-02-22,743.44,744.91,731.015,735.33,316680,AZO
2017-02-23,734.07,734.96,726.12,727.22,347221,AZO
2017-02-24,727.0,734.71,723.331,732.75,257417,AZO
2017-02-27,733.76,740.85,730.87,740.85,537211,AZO
2017-02-28,732.64,752.99,732.29,736.55,603256,AZO
2017-03-01,740.01,748.91,736.015,738.97,649582,AZO
2017-03-02,739.85,739.85,730.44,733.53,276054,AZO
2017-03-03,731.73,734.03,720.2,725.24,483725,AZO
2017-03-06,728.0,728.0,720.84,723.91,302664,AZO
2017-03-07,721.86,726.3,711.0,712.72,495310,AZO
2017-03-08,711.12,719.82,705.3,717.67,417632,AZO
2017-03-09,718.05,721.315,714.56,715.93,334490,AZO
2017-03-10,717.57,720.93,713.98,717.03,276518,AZO
2017-03-13,716.0,730.53,712.78,728.55,367578,AZO
2017-03-14,728.22,731.5,724.435,728.99,250630,AZO
2017-03-15,729.15,729.35,711.33,716.29,559622,AZO
2017-03-16,713.91,721.96,713.3,721.85,270694,AZO
2017-03-17,723.12,732.09,723.12,730.77,474177,AZO
2017-03-20,730.26,735.0,726.79,729.79,298785,AZO
2017-03-21,731.02,732.43,723.67,725.21,318353,AZO
2017-03-22,729.74,731.89,723.39,725.35,282057,AZO
2017-03-23,724.18,730.29,719.49,725.5,260652,AZO
2017-03-24,725.56,727.33,719.25,721.16,187117,AZO
2017-03-27,716.5,719.14,712.335,714.16,367797,AZO
2017-03-28,712.51,717.02,706.28,716.99,385968,AZO
2017-03-29,717.21,724.0,716.6610000000001,722.46,267896,AZO
2017-03-30,722.0,723.17,711.22,719.08,334954,AZO
2017-03-31,718.28,727.0,716.95,723.05,301248,AZO
2017-04-03,720.5,721.465,695.16,700.69,796642,AZO
2017-04-04,700.0,705.66,692.9,696.67,499895,AZO
2017-04-05,699.0,709.46,697.3,703.03,408846,AZO
2017-04-06,705.23,707.16,700.0,702.29,235243,AZO
2017-04-07,702.59,706.41,699.65,700.44,265855,AZO
2017-04-10,700.52,707.45,700.52,703.64,260151,AZO
2017-04-11,702.73,702.73,698.01,700.59,193796,AZO
2017-04-12,696.16,700.57,692.335,693.34,264967,AZO
2017-04-13,693.68,697.92,688.46,688.46,198589,AZO
2017-04-17,692.33,692.94,686.55,687.61,218176,AZO
2017-04-18,685.35,691.58,684.48,689.07,262667,AZO
2017-04-19,693.33,711.345,693.33,697.57,458158,AZO
2017-04-20,699.64,708.3,697.39,706.3,296911,AZO
2017-04-21,706.08,713.35,705.89,707.79,343824,AZO
2017-04-24,713.23,722.69,711.17,722.45,367094,AZO
2017-04-25,723.99,724.9,711.25,712.06,353496,AZO
2017-04-26,713.82,719.8038,709.85,715.12,443409,AZO
2017-04-27,713.87,727.15,692.5,703.9,635931,AZO
2017-04-28,700.51,703.25,688.02,692.19,527250,AZO
2017-05-01,696.4,697.83,680.0,682.99,362429,AZO
2017-05-02,683.27,689.76,680.14,688.94,362883,AZO
2017-05-03,689.32,698.39,685.45,697.18,324395,AZO
2017-05-04,696.4,706.57,696.4,704.58,294153,AZO
2017-05-05,705.42,707.5,700.61,705.31,281328,AZO
2017-05-08,703.27,711.0,703.27,709.98,202450,AZO
2017-05-09,711.7,711.7,702.42,707.05,262520,AZO
2017-05-10,703.56,703.56,693.28,698.03,378740,AZO
2017-05-11,691.0,696.69,683.26,693.85,331626,AZO
2017-05-12,689.98,691.92,680.06,680.72,304403,AZO
2017-05-15,681.16,693.27,679.25,681.01,464476,AZO
2017-05-16,680.04,680.04,668.29,669.83,463393,AZO
2017-05-17,666.31,672.365,658.39,664.05,545723,AZO
2017-05-18,665.07,677.29,664.32,673.79,335561,AZO
2017-05-19,675.32,677.47,667.52,673.65,541983,AZO
2017-05-22,671.0,672.55,657.99,659.49,594257,AZO
2017-05-23,607.01,612.99,579.61,581.4,2949654,AZO
2017-05-24,581.18,598.75,573.8,590.99,1624012,AZO
2017-05-25,594.97,609.85,593.89,607.34,846348,AZO
2017-05-26,605.0,618.0,605.0,615.62,785117,AZO
2017-05-30,621.8,623.97,611.52,612.98,595450,AZO
2017-05-31,613.83,616.42,601.5,605.92,884528,AZO
2017-06-01,606.11,625.56,603.11,623.98,639361,AZO
2017-06-02,622.9,623.75,613.12,621.7,495805,AZO
2017-06-05,619.18,622.77,612.47,617.07,536302,AZO
2017-06-06,617.09,617.09,603.0,603.88,464225,AZO
2017-06-07,604.89,612.93,604.05,606.77,451428,AZO
2017-06-08,607.41,610.0,596.73,598.96,477733,AZO
2017-06-09,598.91,607.67,594.59,606.36,537966,AZO
2017-06-12,606.52,621.19,606.52,612.02,517310,AZO
2017-06-13,613.3,617.75,607.01,612.08,324979,AZO
2017-06-14,610.26,613.42,605.18,608.38,346892,AZO
2017-06-15,603.95,616.76,603.18,613.01,455045,AZO
2017-06-16,609.73,610.45,590.47,593.81,639682,AZO
2017-06-19,597.53,598.61,587.48,596.86,419304,AZO
2017-06-20,590.89,591.94,580.02,585.2,561337,AZO
2017-06-21,585.5,587.19,568.07,574.01,711074,AZO
2017-06-22,572.55,582.1278,566.63,579.63,702813,AZO
2017-06-23,579.5,581.62,567.9,574.98,632640,AZO
2017-06-26,575.94,585.5199,574.08,579.61,295876,AZO
2017-06-27,577.54,588.74,576.0,578.77,282113,AZO
2017-06-28,576.12,580.03,568.85,569.02,514171,AZO
2017-06-29,571.44,572.0,557.77,559.67,663031,AZO
2017-06-30,562.53,571.71,560.23,570.46,464931,AZO
2017-07-03,570.85,575.68,568.06,571.71,227632,AZO
2017-07-05,530.3,543.39,514.47,516.83,1858050,AZO
2017-07-06,514.01,524.37,503.0,507.48,901523,AZO
2017-07-07,503.0,504.885,498.5,501.39,705232,AZO
2017-07-10,503.0,512.76,501.336,507.54,722521,AZO
2017-07-11,508.0,509.4,499.57,499.57,671411,AZO
2017-07-12,501.97,506.585,492.02,493.15,693362,AZO
2017-07-13,492.96,510.74,492.03,506.81,615789,AZO
2017-07-14,507.53,510.9727,498.14,506.31,545806,AZO
2017-07-17,502.89,512.515,501.48,503.66,437407,AZO
2017-07-18,504.01,504.74,494.58,495.69,595300,AZO
2017-07-19,497.08,500.37,491.9,493.44,447445,AZO
2017-07-20,495.5,506.59,491.13,502.56,489345,AZO
2017-07-21,499.2,512.895,497.84,511.46,651303,AZO
2017-07-24,509.46,514.04,498.24,498.25,448137,AZO
2017-07-25,501.47,511.33,498.53,511.01,341695,AZO
2017-07-26,511.34,517.23,505.77,515.97,396937,AZO
2017-07-27,520.02,530.92,517.92,529.01,708321,AZO
2017-07-28,529.4,531.99,522.33,526.92,680122,AZO
2017-07-31,528.05,541.735,523.08,539.82,624563,AZO
2017-08-01,542.62,548.89,538.46,547.86,472681,AZO
2017-08-02,545.57,552.375,542.5,542.89,581731,AZO
2017-08-03,540.55,543.72,528.54,529.29,389439,AZO
2017-08-04,530.0,537.81,530.0,536.82,259669,AZO
2017-08-07,537.79,544.2,532.65,541.66,315382,AZO
2017-08-08,547.58,547.71,530.35,530.97,302459,AZO
2017-08-09,526.73,533.47,522.84,533.16,409753,AZO
2017-08-10,530.83,533.45,525.26,525.52,301847,AZO
2017-08-11,525.0,535.57,525.0,533.94,373200,AZO
2017-08-14,537.54,537.54,523.04,525.32,470183,AZO
2017-08-15,501.54,519.0,497.2899,516.13,819720,AZO
2017-08-16,520.0,528.24,517.33,524.59,542164,AZO
2017-08-17,524.96,529.9125,511.27,515.56,478143,AZO
2017-08-18,513.2,513.2,499.1,510.19,870425,AZO
2017-08-21,510.63,519.39,504.96,517.51,361892,AZO
2017-08-22,519.14,521.59,514.73,519.13,262335,AZO
2017-08-23,517.57,521.266,508.04,513.34,292170,AZO
2017-08-24,513.67,518.79,511.01,511.63,417239,AZO
2017-08-25,515.62,536.83,515.24,528.95,630381,AZO
2017-08-28,529.75,530.0,521.45,525.4,280185,AZO
2017-08-29,520.68,525.99,519.41,522.38,265346,AZO
2017-08-30,522.49,533.75,520.48,529.53,293165,AZO
2017-08-31,529.66,534.595,527.86,528.44,376572,AZO
2017-09-01,531.2,540.51,531.2,538.77,338775,AZO
2017-09-05,541.36,549.4599,537.71,540.0,502886,AZO
2017-09-06,543.57,544.98,537.51,540.65,350656,AZO
2017-09-07,540.5,543.27,535.1,541.16,286962,AZO
2017-09-08,541.23,544.435,537.36,540.51,331538,AZO
2017-09-11,542.49,543.93,535.96,540.32,257601,AZO
2017-09-12,538.47,557.2,536.71,551.55,432276,AZO
2017-09-13,551.25,571.145,551.25,569.34,802930,AZO
2017-09-14,570.0,570.33,562.97,563.56,637273,AZO
2017-09-15,564.98,575.4569,564.35,569.89,693599,AZO
2017-09-18,571.46,574.9743,563.4,563.4,897459,AZO
2017-09-19,567.0,583.89,533.4,535.19,2031362,AZO
2017-09-20,533.77,550.85,533.0,543.58,673167,AZO
2017-09-21,542.4,555.0025,541.0,553.49,659176,AZO
2017-09-22,553.49,575.385,553.49,574.03,729263,AZO
2017-09-25,574.69,588.98,574.04,583.48,681129,AZO
2017-09-26,585.87,588.58,578.63,587.13,408957,AZO
2017-09-27,588.87,590.2499,582.4,588.28,304767,AZO
2017-09-28,583.05,589.98,578.36,587.29,503776,AZO
2017-09-29,588.77,596.02,585.11,595.11,457256,AZO
2017-10-02,595.65,599.545,590.3582,597.62,319134,AZO
2017-10-03,599.53,601.29,592.8,599.55,317781,AZO
2017-10-04,599.95,601.15,589.3275,595.24,337394,AZO
2017-10-05,591.16,601.05,591.02,599.83,296433,AZO
2017-10-06,599.82,603.74,597.84,601.49,250033,AZO
2017-10-09,601.04,601.96,591.49,592.04,198287,AZO
2017-10-10,592.01,595.94,586.42,587.57,340169,AZO
2017-10-11,587.55,590.0,579.361,588.56,356498,AZO
2017-10-12,587.69,593.36,581.455,589.75,233683,AZO
2017-10-13,590.09,600.29,587.0,599.16,294548,AZO
2017-10-16,599.3,603.74,594.185,598.55,271372,AZO
2017-10-17,600.0,609.62,598.65,607.87,389056,AZO
2017-10-18,608.8,610.78,603.87,606.31,308632,AZO
2017-10-19,602.0,603.29,588.74,595.27,578822,AZO
2017-10-20,597.68,598.31,588.735,590.06,372094,AZO
2017-10-23,592.46,594.29,586.775,589.0,283219,AZO
2017-10-24,587.97,590.93,576.92,585.83,422103,AZO
2017-10-25,586.05,587.88,578.0,587.84,265426,AZO
2017-10-26,575.8,596.65,560.82,590.89,1417358,AZO
2017-10-27,589.37,592.9,577.91,583.17,490714,AZO
2017-10-30,583.27,591.54,581.22,590.15,380139,AZO
2017-10-31,591.25,593.43,587.7,589.5,189529,AZO
2017-11-01,592.94,594.83,579.6,584.88,357093,AZO
2017-11-02,583.52,603.41,576.13,602.7,420864,AZO
2017-11-03,601.12,611.43,597.74,606.41,373539,AZO
2017-11-06,605.91,613.0,602.06,607.0,285368,AZO
2017-11-07,606.2,609.88,598.835,603.56,215570,AZO
2017-11-08,603.32,609.4,595.44,596.03,292251,AZO
2017-11-09,595.92,606.77,591.51,605.97,437139,AZO
2017-11-10,604.22,607.79,594.78,598.06,447849,AZO
2017-11-13,598.18,600.56,588.56,595.26,359984,AZO
2017-11-14,602.15,633.24,602.15,607.63,692393,AZO
2017-11-15,601.33,611.5,601.33,609.14,356307,AZO
2017-11-16,609.24,619.7499,606.57,618.59,286105,AZO
2017-11-17,622.28,630.83,618.11,629.43,384230,AZO
2017-11-20,628.78,637.39,624.94,634.65,490326,AZO
2017-11-21,633.48,633.48,625.48,632.4,505383,AZO
2017-11-22,633.0,642.08,633.0,638.24,421554,AZO
2017-11-24,641.92,641.92,629.69,632.98,123885,AZO
2017-11-27,634.05,644.83,633.51,637.95,349898,AZO
2017-11-28,641.23,665.91,636.95,664.22,754705,AZO
2017-11-29,666.24,703.4,665.85,688.92,1076450,AZO
2017-11-30,688.92,703.51,685.135,686.76,551828,AZO
2017-12-01,690.0,691.2,672.0,678.4,383436,AZO
2017-12-04,687.37,712.47,685.205,709.77,852483,AZO
2017-12-05,747.0,763.295,703.6,712.76,1225498,AZO
2017-12-06,705.63,711.76,696.94,698.65,492942,AZO
2017-12-07,701.46,704.09,693.75,702.34,417295,AZO
2017-12-08,702.79,723.43,701.29,721.89,546910,AZO
2017-12-11,719.59,720.8,705.78,708.61,502297,AZO
2017-12-12,710.86,717.67,706.7,711.05,447087,AZO
2017-12-13,715.35,716.34,703.14,708.21,303732,AZO
2017-12-14,705.64,709.32,694.7401,701.23,522118,AZO
2017-12-15,706.73,709.05,696.64,697.06,591512,AZO
2017-12-18,705.67,708.445,696.14,704.4,428170,AZO
2017-12-19,703.44,708.7,697.43,701.01,584573,AZO
2017-12-20,706.035,708.87,694.6,700.9,674768,AZO
2017-12-21,703.73,708.0,699.64,705.91,401994,AZO
2017-12-22,706.97,713.58,699.01,710.09,283359,AZO
2017-12-26,710.95,717.57,710.95,714.48,180224,AZO
2017-12-27,714.19,715.57,706.0,707.0,275125,AZO
2017-12-28,709.5,719.06,709.12,718.38,278212,AZO
2017-12-29,718.38,719.685,709.33,711.37,289095,AZO
2017-01-03,800.62,811.435,796.89,808.01,1959033,GOOGL
2017-01-04,809.89,813.43,804.11,807.77,1515339,GOOGL
2017-01-05,807.5,813.74,805.92,813.02,1340535,GOOGL
2017-01-06,814.99,828.96,811.5,825.21,2017097,GOOGL
2017-01-09,826.37,830.43,821.62,827.18,1408924,GOOGL
2017-01-10,827.07,829.41,823.14,826.01,1197442,GOOGL
2017-01-11,826.62,829.9,821.47,829.86,1325394,GOOGL
2017-01-12,828.38,830.38,821.01,829.53,1350308,GOOGL
2017-01-13,831.0,834.65,829.52,830.94,1290182,GOOGL
2017-01-17,830.0,830.18,823.2001,827.46,1440905,GOOGL
2017-01-18,829.8,829.81,824.08,829.02,1027698,GOOGL
2017-01-19,829.0,832.9999,823.96,824.37,1070454,GOOGL
2017-01-20,829.09,829.24,824.6,828.17,1306183,GOOGL
2017-01-23,831.61,845.5428,828.7,844.43,2457377,GOOGL
2017-01-24,846.98,851.52,842.28,849.53,1688375,GOOGL
2017-01-25,853.55,858.7936,849.74,858.45,1662148,GOOGL
2017-01-26,859.05,861.0,850.5201,856.98,3493251,GOOGL
2017-01-27,859.0,867.0,841.9,845.03,3752497,GOOGL
2017-01-30,837.06,837.23,821.03,823.83,3516933,GOOGL
2017-01-31,819.5,823.07,813.4,820.19,2020180,GOOGL
2017-02-01,824.0,824.0,812.25,815.24,2251047,GOOGL
2017-02-02,815.0,824.56,812.051,818.26,1689179,GOOGL
2017-02-03,823.13,826.13,819.35,820.13,1528095,GOOGL
2017-02-06,820.92,822.39,814.29,821.62,1350875,GOOGL
2017-02-07,825.5,831.92,823.2926,829.23,1666605,GOOGL
2017-02-08,830.53,834.25,825.11,829.88,1302225,GOOGL
2017-02-09,831.73,831.98,826.5,830.06,1194238,GOOGL
2017-02-10,832.95,837.15,830.51,834.85,1415128,GOOGL
2017-02-13,837.7,841.735,836.2460000000001,838.96,1295708,GOOGL
2017-02-14,839.77,842.0,835.83,840.03,1363345,GOOGL
2017-02-15,838.81,841.7725,836.22,837.32,1357185,GOOGL
2017-02-16,838.5,842.69,837.26,842.17,1005084,GOOGL
2017-02-17,841.31,846.94,839.78,846.55,1461210,GOOGL
2017-02-21,847.99,852.2,846.55,849.27,1261062,GOOGL
2017-02-22,848.0,853.79,846.7101,851.36,1224889,GOOGL
2017-02-23,851.08,852.62,842.5,851.0,1386681,GOOGL
2017-02-24,847.65,848.36,842.9601,847.81,1346189,GOOGL
2017-02-27,844.95,850.67,843.01,849.67,1010333,GOOGL
2017-02-28,847.35,848.83,841.4422,844.93,1383119,GOOGL
2017-03-01,851.38,858.0,849.02,856.75,1818671,GOOGL
2017-03-02,856.31,856.49,848.72,849.85,1250938,GOOGL
2017-03-03,848.94,850.82,844.705,849.08,1006612,GOOGL
2017-03-06,846.86,848.94,841.17,847.27,1047872,GOOGL
2017-03-07,847.26,853.33,845.52,851.15,1038696,GOOGL
2017-03-08,853.12,856.93,851.25,853.64,1029834,GOOGL
2017-03-09,853.69,860.71,852.67,857.84,1347697,GOOGL
2017-03-10,862.7,864.2289999999999,857.61,861.405,1336585,GOOGL
2017-03-13,860.83,867.13,860.82,864.58,1166605,GOOGL
2017-03-14,863.75,867.58,860.13,865.91,1061692,GOOGL
2017-03-15,867.94,869.88,861.295,868.39,1332885,GOOGL
2017-03-16,870.53,872.71,867.52,870.0,1104452,GOOGL
2017-03-17,873.68,874.42,868.37,872.37,1868252,GOOGL
2017-03-20,869.48,870.34,864.665,867.91,1542199,GOOGL
2017-03-21,870.06,873.47,847.687,850.14,2537978,GOOGL
2017-03-22,849.48,855.35,847.0,849.8,1366749,GOOGL
2017-03-23,841.39,841.69,833.0,839.65,3287669,GOOGL
2017-03-24,842.0,844.0,829.1,835.14,2105682,GOOGL
2017-03-27,828.09,841.38,824.3,838.51,1935211,GOOGL
2017-03-28,839.69,845.4,832.265,840.63,1519202,GOOGL
2017-03-29,842.75,851.585,841.38,849.87,1457347,GOOGL
2017-03-30,851.98,852.0,846.77,849.48,949398,GOOGL
2017-03-31,846.83,849.56,845.2445,847.8,1440982,GOOGL
2017-04-03,848.75,859.0,847.5298,856.75,1969402,GOOGL
2017-04-04,848.0,853.0,847.505,852.57,1348494,GOOGL
2017-04-05,854.71,860.59,847.52,848.91,1855153,GOOGL
2017-04-06,849.5,853.59,844.0,845.095,1533564,GOOGL
2017-04-07,845.0,845.88,837.3,842.1,1110404,GOOGL
2017-04-10,841.54,846.7372,840.79,841.7,1046215,GOOGL
2017-04-11,841.7,844.63,834.6,839.88,974343,GOOGL
2017-04-12,838.46,843.72,837.59,841.46,1135775,GOOGL
2017-04-13,841.04,843.73,837.8503,840.18,1073650,GOOGL
2017-04-17,841.38,855.64,841.03,855.13,1049125,GOOGL
2017-04-18,852.54,857.39,851.25,853.99,936201,GOOGL
2017-04-19,857.385,860.2,853.5275,856.51,1080336,GOOGL
2017-04-20,859.74,863.93,857.5,860.08,1188843,GOOGL
2017-04-21,860.62,862.44,857.73,858.95,1172870,GOOGL
2017-04-24,868.44,879.96,866.11,878.93,1696483,GOOGL
2017-04-25,882.26,892.25,879.2801,888.84,2038032,GOOGL
2017-04-26,891.39,892.99,885.15,889.14,1323297,GOOGL
2017-04-27,890.0,893.3774,887.18,891.44,2342303,GOOGL
2017-04-28,929.0,935.9,923.22,924.52,3845857,GOOGL
2017-05-01,924.15,935.82,920.8,932.82,2327782,GOOGL
2017-05-02,933.27,942.985,931.0,937.09,1751292,GOOGL
2017-05-03,936.05,950.2,935.21,948.45,1824759,GOOGL
2017-05-04,950.29,959.14,947.37,954.72,1938260,GOOGL
2017-05-05,956.72,958.4395,948.0986,950.28,1615548,GOOGL
2017-05-08,947.45,960.99,947.395,958.69,1876690,GOOGL
2017-05-09,961.33,962.2,954.4,956.71,1687942,GOOGL
2017-05-10,956.22,956.71,949.84,954.84,1145969,GOOGL
2017-05-11,951.29,957.99,948.61,955.89,1031093,GOOGL
2017-05-12,957.85,957.98,952.06,955.14,1214851,GOOGL
2017-05-15,955.29,962.7,952.82,959.22,1337697,GOOGL
2017-05-16,963.55,965.8955,960.35,964.61,1101544,GOOGL
2017-05-17,959.7,960.99,940.06,942.17,2449058,GOOGL
2017-05-18,943.2,954.18,941.27,950.5,1800465,GOOGL
2017-05-19,952.82,959.56,952.0,954.65,1360299,GOOGL
2017-05-22,957.0,964.82,956.56,964.07,1387392,GOOGL
2017-05-23,969.96,974.51,964.5,970.55,1545421,GOOGL
2017-05-24,975.26,978.115,971.6299,977.61,1142488,GOOGL
2017-05-25,979.0,995.78,977.82,991.86,1954149,GOOGL
2017-05-26,992.0,996.39,987.36,993.27,1636416,GOOGL
2017-05-30,992.5,997.62,991.3601,996.17,1516685,GOOGL
2017-05-31,996.21,999.6,981.68,987.09,1724095,GOOGL
2017-06-01,990.96,993.14,981.29,988.29,1306384,GOOGL
2017-06-02,988.59,996.48,987.07,996.12,1735469,GOOGL
2017-06-05,997.89,1007.4,995.45,1003.88,1378916,GOOGL
2017-06-06,1003.31,1008.61,994.8,996.68,1552114,GOOGL
2017-06-07,998.82,1003.91,995.81,1001.59,1374097,GOOGL
2017-06-08,1004.23,1005.6,996.62,1004.28,1687925,GOOGL
2017-06-09,1005.49,1005.5,953.37,970.12,3647857,GOOGL
2017-06-12,958.72,968.0,936.795,961.81,4202109,GOOGL
2017-06-13,972.04,977.91,962.01,970.5,2005356,GOOGL
2017-06-14,975.5,979.7,959.5103,967.93,1505486,GOOGL
2017-06-15,948.02,960.6775,940.37,960.18,2427639,GOOGL
2017-06-16,957.91,959.95,948.7,958.62,2559207,GOOGL
2017-06-19,969.65,979.3,968.2,975.22,1468837,GOOGL
2017-06-20,975.31,980.79,968.2,968.99,1297287,GOOGL
2017-06-21,970.79,979.67,969.16,978.59,1161607,GOOGL
2017-06-22,976.87,980.5,973.3148,976.62,1009476,GOOGL
2017-06-23,975.5,986.62,974.46,986.09,1563985,GOOGL
2017-06-26,990.0,993.99,970.33,972.09,1517912,GOOGL
2017-06-27,961.6,967.22,947.09,948.09,2443602,GOOGL
2017-06-28,950.66,963.24,936.16,961.01,2745568,GOOGL
2017-06-29,951.35,951.66,929.6,937.82,3206674,GOOGL
2017-06-30,943.99,944.9995,929.61,929.68,2287662,GOOGL
2017-07-03,933.22,934.24,915.31,919.46,1694811,GOOGL
2017-07-05,924.2,936.29,918.6305,932.26,2094055,GOOGL
2017-07-06,925.0,936.14,919.85,927.69,2014855,GOOGL
2017-07-07,930.985,944.66,929.79,940.81,1663302,GOOGL
2017-07-10,941.95,953.13,941.95,951.0,1451460,GOOGL
2017-07-11,950.52,954.89,945.12,953.53,1461247,GOOGL
2017-07-12,960.86,969.63,957.04,967.66,1602115,GOOGL
2017-07-13,970.8,978.7,964.8,968.85,1524571,GOOGL
2017-07-14,974.0,977.54,970.15,976.91,1079608,GOOGL
2017-07-17,976.32,983.35,970.8,975.96,1660464,GOOGL
2017-07-18,973.36,990.85,972.04,986.95,1413335,GOOGL
2017-07-19,990.01,995.6,987.01,992.77,1412148,GOOGL
2017-07-20,997.0,998.68,984.62,992.19,1418385,GOOGL
2017-07-21,989.0,995.11,984.17,993.84,1463322,GOOGL
2017-07-24,994.1,1006.19,990.2728,998.31,3984532,GOOGL
2017-07-25,970.7,976.73,963.8,969.03,5933602,GOOGL
2017-07-26,972.78,973.95,960.23,965.31,2221625,GOOGL
2017-07-27,969.18,969.52,937.06,952.51,3717900,GOOGL
2017-07-28,947.99,961.79,945.31,958.33,1813794,GOOGL
2017-07-31,960.0,961.1925,941.725,945.5,2293389,GOOGL
2017-08-01,947.81,954.49,944.96,946.56,1332456,GOOGL
2017-08-02,948.37,949.1,932.5210000000001,947.64,2039418,GOOGL
2017-08-03,949.1,950.0,939.44,940.3,1123921,GOOGL
2017-08-04,943.95,947.54,939.795,945.79,1254574,GOOGL
2017-08-07,947.52,948.96,943.5,945.75,1445754,GOOGL
2017-08-08,944.29,952.49,942.48,944.19,1505064,GOOGL
2017-08-09,938.45,943.76,933.92,940.08,1400852,GOOGL
2017-08-10,935.0,936.3,921.7768,923.59,2707393,GOOGL
2017-08-11,923.71,933.36,921.22,930.09,1616708,GOOGL
2017-08-14,939.07,941.04,934.485,938.93,1150612,GOOGL
2017-08-15,941.03,943.07,936.64,938.08,1106484,GOOGL
2017-08-16,941.25,949.9,940.0391,944.27,1345261,GOOGL
2017-08-17,942.95,943.81,927.64,927.66,1695694,GOOGL
2017-08-18,926.98,931.02,923.45,926.18,1337404,GOOGL
2017-08-21,925.77,928.25,918.6,920.87,1301243,GOOGL
2017-08-22,926.96,941.9617,926.17,940.4,1775099,GOOGL
2017-08-23,937.0,945.425,935.24,942.58,1134464,GOOGL
2017-08-24,943.71,946.31,930.74,936.89,1294559,GOOGL
2017-08-25,939.21,940.73,930.1,930.5,1187313,GOOGL
2017-08-28,931.88,934.85,926.11,928.13,1049397,GOOGL
2017-08-29,919.95,938.19,919.31,935.75,1158576,GOOGL
2017-08-30,935.67,945.86,934.05,943.63,1120342,GOOGL
2017-08-31,946.3,957.195,946.25,955.24,1693313,GOOGL
2017-09-01,957.47,958.33,950.28,951.99,1042885,GOOGL
2017-09-05,946.86,951.3854,935.6,941.48,1460830,GOOGL
2017-09-06,943.87,944.5,932.68,942.02,1391529,GOOGL
2017-09-07,944.25,950.4965,937.53,949.89,1116575,GOOGL
2017-09-08,949.7,950.7,940.01,941.41,999916,GOOGL
2017-09-11,947.2,952.68,941.0,943.29,1337365,GOOGL
2017-09-12,946.92,948.085,937.5,946.65,1284787,GOOGL
2017-09-13,945.5,952.85,944.74,950.44,1095382,GOOGL
2017-09-14,946.0,948.03,938.3560000000001,940.13,1427379,GOOGL
2017-09-15,940.09,941.75,931.25,935.29,1994265,GOOGL
2017-09-18,935.01,936.86,925.4,929.75,1473651,GOOGL
2017-09-19,933.41,937.94,926.66,936.86,1242726,GOOGL
2017-09-20,937.73,950.0,937.5,947.54,2004018,GOOGL
2017-09-21,948.13,952.8,939.38,947.55,1370685,GOOGL
2017-09-22,942.77,950.0,940.835,943.26,1074806,GOOGL
2017-09-25,939.45,939.75,924.5101,934.28,1873375,GOOGL
2017-09-26,936.69,944.08,935.12,937.43,1672749,GOOGL
2017-09-27,942.74,965.43,941.95,959.9,2334635,GOOGL
2017-09-28,956.25,966.18,955.55,964.81,1400931,GOOGL
2017-09-29,966.0,975.81,966.0,973.72,2031092,GOOGL
2017-10-02,975.65,977.74,961.95,967.47,1539122,GOOGL
2017-10-03,967.56,972.44,962.705,972.08,1083948,GOOGL
2017-10-04,971.76,974.4,965.61,966.78,1057769,GOOGL
2017-10-05,972.79,986.5085,970.27,985.19,1780946,GOOGL
2017-10-06,980.0,994.26,978.51,993.64,1553033,GOOGL
2017-10-09,995.0,1000.46,991.5,992.31,1295467,GOOGL
2017-10-10,995.3,997.47,981.11,987.8,1163400,GOOGL
2017-10-11,989.04,1007.57,987.94,1005.65,1814999,GOOGL
2017-10-12,1003.84,1011.54,1001.1,1005.65,1530664,GOOGL
2017-10-13,1009.11,1014.76,1007.06,1007.87,1327632,GOOGL
2017-10-16,1009.63,1012.0,1001.52,1009.35,1071023,GOOGL
2017-10-17,1007.44,1014.56,1006.05,1011.0,1012998,GOOGL
2017-10-18,1011.05,1016.31,1005.32,1012.74,1279780,GOOGL
2017-10-19,1004.75,1007.32,997.3,1001.84,1714243,GOOGL
2017-10-20,1007.05,1008.65,1002.27,1005.07,1606031,GOOGL
2017-10-23,1005.18,1005.79,983.1,985.54,1639294,GOOGL
2017-10-24,986.5,989.26,977.08,988.49,1445129,GOOGL
2017-10-25,986.27,994.43,977.722,991.46,1528710,GOOGL
2017-10-26,998.47,1006.51,990.47,991.42,2369838,GOOGL
2017-10-27,1030.99,1063.62,1026.85,1033.67,5184143,GOOGL
2017-10-30,1029.16,1039.83,1022.33,1033.13,2340172,GOOGL
2017-10-31,1033.0,1041.0,1026.3,1033.04,1516278,GOOGL
2017-11-01,1036.32,1047.86,1034.0,1042.6,2163073,GOOGL
2017-11-02,1039.99,1045.52,1028.66,1042.97,1334697,GOOGL
2017-11-03,1042.75,1050.66,1037.65,1049.99,1388461,GOOGL
2017-11-06,1049.1,1052.59,1042.0,1042.68,914748,GOOGL
2017-11-07,1049.65,1053.41,1043.0,1052.39,1305229,GOOGL
2017-11-08,1050.05,1062.69,1047.05,1058.29,1214600,GOOGL
2017-11-09,1048.0,1050.88,1035.85,1047.72,1792071,GOOGL
2017-11-10,1043.87,1046.63,1041.22,1044.15,972127,GOOGL
2017-11-13,1040.8,1048.74,1039.26,1041.2,940721,GOOGL
2017-11-14,1037.72,1042.3,1029.33,1041.64,1050566,GOOGL
2017-11-15,1035.0,1039.63,1030.76,1036.41,905262,GOOGL
2017-11-16,1038.75,1051.76,1038.0,1048.47,1188392,GOOGL
2017-11-17,1049.8,1051.0,1033.73,1035.89,1335610,GOOGL
2017-11-20,1036.0,1038.69,1032.67,1034.66,876321,GOOGL
2017-11-21,1040.04,1050.39,1039.14,1050.3,1110341,GOOGL
2017-11-22,1051.16,1055.43,1047.25,1051.92,726898,GOOGL
2017-11-24,1054.39,1060.07,1051.92,1056.52,825369,GOOGL
2017-11-27,1058.57,1073.04,1054.77,1072.01,1771491,GOOGL
2017-11-28,1073.99,1080.0,1054.54,1063.29,1821171,GOOGL
2017-11-29,1056.18,1058.77,1029.65,1037.38,2793332,GOOGL
2017-11-30,1039.94,1044.14,1030.07,1036.17,2254590,GOOGL
2017-12-01,1030.41,1037.24,1016.9,1025.07,1888081,GOOGL
2017-12-04,1027.8,1031.34,1009.22,1011.87,1938861,GOOGL
2017-12-05,1010.99,1036.68,1002.32,1019.6,1949865,GOOGL
2017-12-06,1016.52,1039.58,1015.31,1032.72,1435549,GOOGL
2017-12-07,1036.07,1048.92,1035.36,1044.57,1543285,GOOGL
2017-12-08,1051.81,1056.42,1045.86,1049.38,1558472,GOOGL
2017-12-11,1051.11,1056.0,1044.12,1051.97,1162694,GOOGL
2017-12-12,1050.0,1062.5,1044.87,1048.77,1694061,GOOGL
2017-12-13,1052.08,1055.48,1046.58,1051.39,1384038,GOOGL
2017-12-14,1055.49,1067.08,1053.6,1057.47,1548139,GOOGL
2017-12-15,1063.78,1075.25,1060.09,1072.0,3187985,GOOGL
2017-12-18,1076.45,1086.49,1070.37,1085.09,1514601,GOOGL
2017-12-19,1083.02,1084.97,1072.27,1079.78,1317519,GOOGL
2017-12-20,1080.92,1081.23,1068.6,1073.56,1436391,GOOGL
2017-12-21,1075.39,1077.52,1069.0,1070.85,1282025,GOOGL
2017-12-22,1070.0,1071.72,1067.64,1068.86,889446,GOOGL
2017-12-26,1068.64,1068.86,1058.64,1065.85,918767,GOOGL
2017-12-27,1066.6,1068.27,1058.38,1060.2,1116203,GOOGL
2017-12-28,1062.25,1064.84,1053.38,1055.95,994249,GOOGL
2017-12-29,1055.49,1058.05,1052.7,1053.4,1180340,GOOGL
2017-01-03,778.81,789.63,775.8,786.14,1657268,GOOG
2017-01-04,788.36,791.34,783.16,786.9,1072958,GOOG
2017-01-05,786.08,794.48,785.02,794.02,1335167,GOOG
2017-01-06,795.26,807.9,792.2041,806.15,1640170,GOOG
2017-01-09,806.4,809.9664,802.83,806.65,1274645,GOOG
2017-01-10,807.86,809.1299,803.51,804.79,1176780,GOOG
2017-01-11,805.0,808.15,801.37,807.91,1065936,GOOG
2017-01-12,807.14,807.39,799.17,806.36,1353057,GOOG
2017-01-13,807.48,811.2244,806.69,807.88,1099215,GOOG
2017-01-17,807.08,807.14,800.37,804.61,1362115,GOOG
2017-01-18,805.81,806.205,800.99,806.07,1294407,GOOG
2017-01-19,805.12,809.48,801.8,802.175,919325,GOOG
2017-01-20,806.91,806.91,801.69,805.02,1670045,GOOG
2017-01-23,807.25,820.87,803.74,819.31,1963628,GOOG
2017-01-24,822.3,825.9,817.821,823.87,1474010,GOOG
2017-01-25,829.62,835.77,825.06,835.67,1627304,GOOG
2017-01-26,837.81,838.0,827.01,832.15,2973891,GOOG
2017-01-27,834.71,841.95,820.44,823.31,2965771,GOOG
2017-01-30,814.66,815.84,799.8,802.32,3246573,GOOG
2017-01-31,796.86,801.25,790.52,796.79,2160556,GOOG
2017-02-01,799.68,801.19,791.19,795.695,2029744,GOOG
2017-02-02,793.8,802.7,792.0,798.53,1532138,GOOG
2017-02-03,802.99,806.0,800.37,801.49,1463448,GOOG
2017-02-06,799.7,801.67,795.2501,801.34,1184483,GOOG
2017-02-07,803.99,810.5,801.78,806.97,1241221,GOOG
2017-02-08,807.0,811.84,803.1903,808.38,1155990,GOOG
2017-02-09,809.51,810.66,804.54,809.56,990391,GOOG
2017-02-10,811.7,815.25,809.78,813.67,1134976,GOOG
2017-02-13,816.0,820.959,815.49,819.24,1213324,GOOG
2017-02-14,819.0,823.0,816.0,820.45,1054732,GOOG
2017-02-15,819.36,823.0,818.47,818.98,1313617,GOOG
2017-02-16,819.93,824.4,818.98,824.16,1287626,GOOG
2017-02-17,823.02,828.07,821.655,828.07,1611039,GOOG
2017-02-21,828.66,833.45,828.35,831.66,1262337,GOOG
2017-02-22,828.66,833.25,828.64,830.76,987248,GOOG
2017-02-23,830.12,832.46,822.88,831.33,1472771,GOOG
2017-02-24,827.73,829.0,824.2,828.64,1392202,GOOG
2017-02-27,824.55,830.5,824.0,829.28,1101466,GOOG
2017-02-28,825.61,828.54,820.2,823.21,2260769,GOOG
2017-03-01,828.85,836.255,827.26,835.24,1496540,GOOG
2017-03-02,833.85,834.51,829.64,830.63,942476,GOOG
2017-03-03,830.56,831.36,825.7510000000001,829.08,896378,GOOG
2017-03-06,826.95,828.88,822.4,827.78,1109037,GOOG
2017-03-07,827.4,833.41,826.52,831.91,1037630,GOOG
2017-03-08,833.51,838.15,831.79,835.37,989773,GOOG
2017-03-09,836.0,842.0,834.21,838.68,1261517,GOOG
2017-03-10,843.28,844.91,839.5,843.25,1704024,GOOG
2017-03-13,844.0,848.685,843.25,845.54,1223647,GOOG
2017-03-14,843.64,847.24,840.8,845.62,780198,GOOG
2017-03-15,847.59,848.63,840.77,847.2,1381474,GOOG
2017-03-16,849.03,850.85,846.13,848.78,977560,GOOG
2017-03-17,851.61,853.4,847.11,852.12,1716471,GOOG
2017-03-20,850.01,850.22,845.15,848.4,1231521,GOOG
2017-03-21,851.4,853.5,829.02,830.46,2463484,GOOG
2017-03-22,831.91,835.55,827.1801,829.59,1401465,GOOG
2017-03-23,821.0,822.57,812.257,817.58,3487056,GOOG
2017-03-24,820.08,821.93,808.89,814.43,1981006,GOOG
2017-03-27,806.95,821.63,803.37,819.51,1894990,GOOG
2017-03-28,820.41,825.99,814.0269999999999,820.92,1620542,GOOG
2017-03-29,825.0,832.765,822.3801,831.41,1786321,GOOG
2017-03-30,833.5,833.68,829.0,831.5,1055339,GOOG
2017-03-31,828.97,831.64,827.39,829.56,1401893,GOOG
2017-04-03,829.22,840.85,829.22,838.55,1671503,GOOG
2017-04-04,831.36,835.18,829.0363,834.57,1045363,GOOG
2017-04-05,835.51,842.45,830.72,831.41,1555328,GOOG
2017-04-06,832.4,836.39,826.46,827.88,1254433,GOOG
2017-04-07,827.96,828.485,820.5127,824.67,1056692,GOOG
2017-04-10,825.39,829.35,823.77,824.73,978905,GOOG
2017-04-11,824.71,827.4267,817.0201,823.35,1079732,GOOG
2017-04-12,821.93,826.66,821.02,824.32,900480,GOOG
2017-04-13,822.14,826.38,821.44,823.56,1122362,GOOG
2017-04-17,825.01,837.75,824.47,837.17,895015,GOOG
2017-04-18,834.22,838.93,832.71,836.82,836722,GOOG
2017-04-19,839.79,842.22,836.29,838.21,954330,GOOG
2017-04-20,841.44,845.2,839.32,841.65,959031,GOOG
2017-04-21,842.88,843.88,840.6,843.19,1323583,GOOG
2017-04-24,851.2,863.45,849.86,862.76,1372541,GOOG
2017-04-25,865.0,875.0,862.81,872.3,1671972,GOOG
2017-04-26,874.23,876.05,867.7481,871.73,1237167,GOOG
2017-04-27,873.6,875.4,870.38,874.25,2026816,GOOG
2017-04-28,910.66,916.85,905.77,905.96,3276255,GOOG
2017-05-01,901.94,915.68,901.45,912.57,2115993,GOOG
2017-05-02,909.62,920.77,909.4526,916.44,1587219,GOOG
2017-05-03,914.86,928.1,912.5426,927.04,1499532,GOOG
2017-05-04,926.07,935.93,924.59,931.66,1422144,GOOG
2017-05-05,933.54,934.9,925.2,927.13,1911275,GOOG
2017-05-08,926.12,936.925,925.26,934.3,1329825,GOOG
2017-05-09,936.95,937.5,929.53,932.17,1581809,GOOG
2017-05-10,931.98,932.0,925.16,928.78,1173925,GOOG
2017-05-11,925.32,932.53,923.0301,930.6,835386,GOOG
2017-05-12,931.53,933.44,927.85,932.22,1050601,GOOG
2017-05-15,932.95,938.25,929.34,937.08,1108496,GOOG
2017-05-16,940.0,943.11,937.58,943.0,969479,GOOG
2017-05-17,935.67,939.3325,918.14,919.62,2362072,GOOG
2017-05-18,921.0,933.17,918.75,930.24,1596897,GOOG
2017-05-19,931.47,937.755,931.0,934.01,1393024,GOOG
2017-05-22,935.0,941.8828,935.0,941.86,1120385,GOOG
2017-05-23,947.92,951.4666,942.575,948.82,1270817,GOOG
2017-05-24,952.98,955.09,949.5,954.96,1034199,GOOG
2017-05-25,957.33,972.6289999999999,955.47,969.54,1660474,GOOG
2017-05-26,969.7,974.98,965.03,971.47,1252010,GOOG
2017-05-30,970.31,976.2,969.49,975.88,1466654,GOOG
2017-05-31,975.02,979.27,960.18,964.86,2448067,GOOG
2017-06-01,968.95,971.5,960.01,966.95,1410458,GOOG
2017-06-02,969.46,975.88,966.0,975.6,1750955,GOOG
2017-06-05,976.55,986.91,975.1,983.68,1252106,GOOG
2017-06-06,983.16,988.25,975.14,976.57,1814624,GOOG
2017-06-07,979.65,984.15,975.77,981.08,1453874,GOOG
2017-06-08,982.35,984.57,977.2,983.41,1481916,GOOG
2017-06-09,984.5,984.5,935.63,949.83,3309389,GOOG
2017-06-12,939.56,949.355,915.2328,942.9,3763529,GOOG
2017-06-13,951.91,959.98,944.09,953.4,2013337,GOOG
2017-06-14,959.92,961.15,942.25,950.76,1489715,GOOG
2017-06-15,933.97,943.3389999999999,924.44,942.31,2133050,GOOG
2017-06-16,940.0,942.04,931.595,939.78,3094711,GOOG
2017-06-19,949.96,959.99,949.05,957.37,1533336,GOOG
2017-06-20,957.52,961.62,950.01,950.63,1125990,GOOG
2017-06-21,953.64,960.1,950.76,959.45,1202233,GOOG
2017-06-22,958.7,960.72,954.55,957.09,941958,GOOG
2017-06-23,956.83,966.0,954.2,965.59,1527856,GOOG
2017-06-26,969.9,973.31,950.79,952.27,1598355,GOOG
2017-06-27,942.46,948.29,926.85,927.33,2579930,GOOG
2017-06-28,929.0,942.75,916.0,940.49,2721406,GOOG
2017-06-29,929.92,931.26,910.62,917.79,3299176,GOOG
2017-06-30,926.05,926.05,908.31,908.73,2090226,GOOG
2017-07-03,912.18,913.94,894.79,898.7,1710373,GOOG
2017-07-05,901.76,914.51,898.5,911.71,1813884,GOOG
2017-07-06,904.12,914.9444,899.7,906.69,1424503,GOOG
2017-07-07,908.85,921.54,908.85,918.59,1637785,GOOG
2017-07-10,921.77,930.38,919.59,928.8,1192825,GOOG
2017-07-11,929.54,931.43,922.0,930.09,1113235,GOOG
2017-07-12,938.68,946.3,934.47,943.83,1532144,GOOG
2017-07-13,946.29,954.45,943.01,947.16,1294687,GOOG
2017-07-14,952.0,956.91,948.005,955.99,1053774,GOOG
2017-07-17,957.0,960.74,949.2407,953.42,1165537,GOOG
2017-07-18,953.0,968.04,950.6,965.4,1153964,GOOG
2017-07-19,967.84,973.04,964.03,970.89,1224540,GOOG
2017-07-20,975.0,975.9,961.51,968.15,1624463,GOOG
2017-07-21,962.25,973.23,960.15,972.92,1711000,GOOG
2017-07-24,972.22,986.2,970.77,980.34,3248347,GOOG
2017-07-25,953.81,959.7,945.4,950.7,4660979,GOOG
2017-07-26,954.68,955.0,942.2788,947.8,2088256,GOOG
2017-07-27,951.78,951.78,920.0,934.09,3212996,GOOG
2017-07-28,929.4,943.83,927.5,941.53,1846351,GOOG
2017-07-31,941.89,943.59,926.04,930.5,1970095,GOOG
2017-08-01,932.38,937.447,929.26,930.83,1277734,GOOG
2017-08-02,928.61,932.6,916.68,930.39,1824448,GOOG
2017-08-03,930.34,932.24,922.24,923.65,1202512,GOOG
2017-08-04,926.75,930.3068,923.03,927.96,1082267,GOOG
2017-08-07,929.06,931.7,926.5,929.36,1032239,GOOG
2017-08-08,927.09,935.814,925.6095,926.79,1061579,GOOG
2017-08-09,920.61,925.98,917.2501,922.9,1192081,GOOG
2017-08-10,917.55,919.26,906.13,907.24,1823967,GOOG
2017-08-11,907.97,917.78,905.58,914.39,1206782,GOOG
2017-08-14,922.53,924.668,918.19,922.67,1064530,GOOG
2017-08-15,924.23,926.5499,919.82,922.22,883369,GOOG
2017-08-16,925.29,932.7,923.445,926.96,1006711,GOOG
2017-08-17,925.78,926.86,910.98,910.98,1277238,GOOG
2017-08-18,910.31,915.275,907.1543,910.67,1342689,GOOG
2017-08-21,910.0,913.0,903.4,906.66,943441,GOOG
2017-08-22,912.72,925.86,911.4751,924.69,1166737,GOOG
2017-08-23,921.93,929.93,919.36,927.0,1090248,GOOG
2017-08-24,928.66,930.84,915.5,921.28,1270306,GOOG
2017-08-25,923.49,925.555,915.5,915.89,1053376,GOOG
2017-08-28,916.0,919.245,911.87,913.81,1086484,GOOG
2017-08-29,905.1,923.33,905.0,921.29,1185564,GOOG
2017-08-30,920.05,930.819,919.65,929.57,1301225,GOOG
2017-08-31,931.76,941.98,931.76,939.33,1582579,GOOG
2017-09-01,941.13,942.48,935.15,937.34,947374,GOOG
2017-09-05,933.08,937.0,921.96,928.45,1348292,GOOG
2017-09-06,930.15,930.915,919.27,927.81,1527650,GOOG
2017-09-07,931.73,936.41,923.62,935.95,1212743,GOOG
2017-09-08,936.49,936.99,924.88,926.5,1011538,GOOG
2017-09-11,934.25,938.38,926.92,929.08,1266991,GOOG
2017-09-12,932.59,933.48,923.8610000000001,932.07,1134397,GOOG
2017-09-13,930.66,937.25,929.86,935.09,1102631,GOOG
2017-09-14,931.25,932.77,924.0,925.11,1397644,GOOG
2017-09-15,924.66,926.49,916.36,920.29,2505430,GOOG
2017-09-18,920.01,922.08,910.6,915.0,1306922,GOOG
2017-09-19,917.42,922.4199,912.55,921.81,936654,GOOG
2017-09-20,922.98,933.88,922.0,931.58,1669763,GOOG
2017-09-21,933.0,936.53,923.83,932.45,1290607,GOOG
2017-09-22,927.75,934.73,926.48,928.53,1052704,GOOG
2017-09-25,925.45,926.4,909.7,920.97,1856822,GOOG
2017-09-26,923.72,930.82,921.14,924.86,1666861,GOOG
2017-09-27,927.74,949.9,927.74,944.49,2239441,GOOG
2017-09-28,941.36,950.69,940.55,949.5,1020312,GOOG
2017-09-29,952.0,959.7864,951.51,959.11,1580994,GOOG
2017-10-02,959.98,962.54,947.84,953.27,1283444,GOOG
2017-10-03,954.0,958.0,949.14,957.79,888346,GOOG
2017-10-04,957.0,960.39,950.69,951.68,952391,GOOG
2017-10-05,955.49,970.91,955.18,969.96,1213816,GOOG
2017-10-06,966.7,979.46,963.36,978.89,1173882,GOOG
2017-10-09,980.0,985.425,976.11,977.0,891355,GOOG
2017-10-10,980.0,981.57,966.0801,972.6,968362,GOOG
2017-10-11,973.72,990.71,972.25,989.25,1693274,GOOG
2017-10-12,987.45,994.12,985.0,987.83,1262793,GOOG
2017-10-13,992.0,997.21,989.0,989.68,1169777,GOOG
2017-10-16,992.1,993.9065,984.0,992.0,910543,GOOG
2017-10-17,990.29,996.44,988.59,992.18,1290186,GOOG
2017-10-18,991.77,996.72,986.9747,992.81,1057581,GOOG
2017-10-19,986.0,988.88,978.39,984.45,1313575,GOOG
2017-10-20,989.44,991.0,984.58,988.2,1183186,GOOG
2017-10-23,989.52,989.52,966.12,968.45,1478448,GOOG
2017-10-24,970.0,972.23,961.0,970.54,1212153,GOOG
2017-10-25,968.37,976.09,960.5201,973.33,1211262,GOOG
2017-10-26,980.0,987.6,972.2,972.56,2042149,GOOG
2017-10-27,1009.19,1048.39,1008.2,1019.27,5167689,GOOG
2017-10-30,1014.0,1024.97,1007.5,1017.11,2085062,GOOG
2017-10-31,1015.22,1024.0,1010.42,1016.64,1331391,GOOG
2017-11-01,1017.21,1029.67,1016.95,1025.5,1373444,GOOG
2017-11-02,1021.76,1028.09,1013.01,1025.58,1048970,GOOG
2017-11-03,1022.11,1032.65,1020.31,1032.48,1076350,GOOG
2017-11-06,1028.99,1034.87,1025.0,1025.9,1125185,GOOG
2017-11-07,1027.27,1033.97,1025.13,1033.33,1112331,GOOG
2017-11-08,1030.52,1043.52,1028.45,1039.85,1088716,GOOG
2017-11-09,1033.99,1033.99,1019.67,1031.26,1242465,GOOG
2017-11-10,1026.46,1030.76,1025.28,1028.07,720676,GOOG
2017-11-13,1023.42,1031.58,1022.57,1025.75,885779,GOOG
2017-11-14,1022.59,1026.81,1014.15,1026.0,959222,GOOG
2017-11-15,1019.21,1024.09,1015.42,1020.91,853992,GOOG
2017-11-16,1022.52,1035.92,1022.52,1032.5,1129688,GOOG
2017-11-17,1034.01,1034.42,1017.75,1019.09,1397064,GOOG
2017-11-20,1020.26,1022.61,1017.5,1018.38,953470,GOOG
2017-11-21,1023.31,1035.11,1022.65,1034.49,1096999,GOOG
2017-11-22,1035.0,1039.71,1031.43,1035.96,746878,GOOG
2017-11-24,1035.87,1043.18,1035.0,1040.61,536996,GOOG
2017-11-27,1040.0,1055.46,1038.44,1054.21,1307881,GOOG
2017-11-28,1055.09,1062.38,1040.0,1047.41,1424394,GOOG
2017-11-29,1042.68,1044.08,1015.65,1021.66,2459426,GOOG
2017-11-30,1022.37,1028.49,1015.0,1021.41,1724031,GOOG
2017-12-01,1015.8,1022.49,1002.02,1010.17,1909566,GOOG
2017-12-04,1012.66,1016.1,995.57,998.68,1906439,GOOG
2017-12-05,995.94,1020.61,988.28,1005.15,2067318,GOOG
2017-12-06,1001.5,1024.97,1001.14,1018.38,1271964,GOOG
2017-12-07,1020.43,1034.24,1018.07,1030.93,1458242,GOOG
2017-12-08,1037.49,1042.05,1032.52,1037.05,1290774,GOOG
2017-12-11,1035.5,1043.8,1032.05,1041.1,1192838,GOOG
2017-12-12,1039.63,1050.31,1033.69,1040.48,1279659,GOOG
2017-12-13,1046.12,1046.66,1038.38,1040.61,1282677,GOOG
2017-12-14,1045.0,1058.5,1043.11,1049.15,1558835,GOOG
2017-12-15,1054.61,1067.62,1049.5,1064.19,3275931,GOOG
2017-12-18,1066.08,1078.49,1062.0,1077.14,1554552,GOOG
2017-12-19,1075.2,1076.84,1063.55,1070.68,1338725,GOOG
2017-12-20,1071.78,1073.38,1061.52,1064.95,1268582,GOOG
2017-12-21,1064.95,1069.33,1061.79,1063.63,995703,GOOG
2017-12-22,1061.11,1064.2,1059.44,1060.12,755095,GOOG
2017-12-26,1058.07,1060.12,1050.2,1056.74,761237,GOOG
2017-12-27,1057.39,1058.37,1048.05,1049.37,1271911,GOOG
2017-12-28,1051.6,1054.75,1044.77,1048.14,837121,GOOG
2017-12-29,1046.72,1049.7,1044.9,1046.4,887511,GOOG
2017-01-03,1476.91,1487.36,1459.49,1477.57,458853,PCLN
2017-01-04,1484.64,1493.65,1480.75,1487.29,388519,PCLN
2017-01-05,1489.89,1504.94,1489.89,1503.7,447540,PCLN
2017-01-06,1501.54,1526.47,1501.21,1520.57,473400,PCLN
2017-01-09,1518.0,1538.77,1518.0,1529.64,397497,PCLN
2017-01-10,1534.96,1544.56,1529.5,1535.25,325352,PCLN
2017-01-11,1532.21,1546.67,1527.02,1536.11,405273,PCLN
2017-01-12,1531.56,1539.93,1516.0,1538.59,314981,PCLN
2017-01-13,1535.75,1548.94,1531.26,1545.82,327038,PCLN
2017-01-17,1544.0,1546.99,1534.01,1540.13,330472,PCLN
2017-01-18,1545.22,1547.25,1529.21,1541.86,246014,PCLN
2017-01-19,1541.4,1549.0,1532.72,1539.02,279178,PCLN
2017-01-20,1547.56,1547.56,1528.01,1545.01,596473,PCLN
2017-01-23,1541.47,1555.73,1534.63,1554.99,430332,PCLN
2017-01-24,1558.38,1566.06,1552.13,1563.33,360258,PCLN
2017-01-25,1569.0,1581.47,1565.26,1578.82,308820,PCLN
2017-01-26,1576.56,1587.51,1575.45,1581.44,294924,PCLN
2017-01-27,1581.0,1605.47,1577.67,1602.92,428544,PCLN
2017-01-30,1598.65,1603.58,1571.0,1602.31,469914,PCLN
2017-01-31,1599.0,1599.41,1569.03,1575.13,517992,PCLN
2017-02-01,1584.09,1586.59,1562.86,1575.31,330688,PCLN
2017-02-02,1570.03,1585.45,1567.0,1574.09,444754,PCLN
2017-02-03,1576.49,1587.99,1572.81,1583.38,318032,PCLN
2017-02-06,1581.34,1588.87,1571.32,1587.18,210247,PCLN
2017-02-07,1590.0,1598.93,1588.0,1598.7,295491,PCLN
2017-02-08,1595.18,1604.3,1589.0,1601.19,373637,PCLN
2017-02-09,1602.84,1616.08,1598.05,1611.83,414258,PCLN
2017-02-10,1617.47,1649.65,1614.02,1646.51,843784,PCLN
2017-02-13,1652.0,1652.0,1640.0,1646.18,414147,PCLN
2017-02-14,1646.18,1646.31,1630.34,1637.29,391013,PCLN
2017-02-15,1631.3,1651.27,1628.0,1648.96,281001,PCLN
2017-02-16,1647.45,1658.97,1642.5,1648.88,301723,PCLN
2017-02-17,1648.78,1648.78,1634.06,1637.4,413956,PCLN
2017-02-21,1642.98,1657.24,1637.42,1647.0,460327,PCLN
2017-02-22,1641.52,1653.46,1639.0,1651.74,278868,PCLN
2017-02-23,1661.9,1664.99,1633.4,1637.26,412834,PCLN
2017-02-24,1627.55,1640.68,1622.02,1631.62,562914,PCLN
2017-02-27,1631.19,1635.32,1612.41,1632.01,812957,PCLN
2017-02-28,1703.89,1748.39,1698.1,1724.13,1739807,PCLN
2017-03-01,1741.0,1742.02,1726.23,1733.18,623667,PCLN
2017-03-02,1737.52,1747.26,1730.8,1734.37,503317,PCLN
2017-03-03,1731.0,1742.0,1729.41,1735.1,292797,PCLN
2017-03-06,1730.0,1736.85,1727.0,1730.21,354605,PCLN
2017-03-07,1720.0,1737.62,1720.0,1736.46,282612,PCLN
2017-03-08,1735.2,1749.64,1731.67,1743.49,421157,PCLN
2017-03-09,1738.15,1756.32,1738.15,1749.42,419507,PCLN
2017-03-10,1757.14,1759.17,1750.81,1754.24,330910,PCLN
2017-03-13,1757.0,1772.49,1754.94,1767.12,327936,PCLN
2017-03-14,1767.93,1769.86,1756.24,1769.0,321166,PCLN
2017-03-15,1772.78,1773.38,1759.78,1767.98,353244,PCLN
2017-03-16,1771.0,1775.0,1768.94,1773.98,302241,PCLN
2017-03-17,1774.73,1774.73,1766.78,1772.63,414638,PCLN
2017-03-20,1773.5,1776.69,1762.57,1765.44,262391,PCLN
2017-03-21,1772.0,1772.0,1744.08,1747.14,432755,PCLN
2017-03-22,1747.14,1754.9,1739.0,1751.99,278518,PCLN
2017-03-23,1752.95,1758.8,1747.67,1748.33,220854,PCLN
2017-03-24,1753.6,1757.49,1748.19,1753.11,300374,PCLN
2017-03-27,1736.0,1774.34,1733.0,1772.0,400413,PCLN
2017-03-28,1767.65,1798.75,1766.51,1788.45,454890,PCLN
2017-03-29,1789.83,1797.45,1783.3,1785.05,288372,PCLN
2017-03-30,1788.48,1795.56,1779.64,1789.2,278237,PCLN
2017-03-31,1784.74,1790.78,1778.78,1779.97,420527,PCLN
2017-04-03,1776.26,1785.0,1766.01,1773.99,360029,PCLN
2017-04-04,1772.99,1774.5,1761.41,1767.38,258457,PCLN
2017-04-05,1770.66,1787.57,1758.75,1761.77,324137,PCLN
2017-04-06,1764.75,1774.94,1755.37,1773.52,327409,PCLN
2017-04-07,1773.94,1773.99,1761.26,1769.56,289688,PCLN
2017-04-10,1770.0,1782.12,1767.2,1775.97,262001,PCLN
2017-04-11,1770.01,1780.55,1756.6,1768.4,353316,PCLN
2017-04-12,1774.58,1774.9,1750.01,1750.01,426815,PCLN
2017-04-13,1754.63,1757.18,1738.34,1738.77,418307,PCLN
2017-04-17,1743.0,1772.85,1739.7,1770.61,425663,PCLN
2017-04-18,1768.59,1770.99,1755.39,1763.31,287207,PCLN
2017-04-19,1766.9,1771.24,1757.41,1763.2,291148,PCLN
2017-04-20,1764.27,1771.86,1760.24,1760.8,346550,PCLN
2017-04-21,1759.9,1765.97,1746.37,1752.01,459493,PCLN
2017-04-24,1778.46,1805.78,1773.9,1798.62,852348,PCLN
2017-04-25,1807.78,1807.78,1795.31,1799.09,356429,PCLN
2017-04-26,1799.2,1806.05,1793.2,1804.12,321654,PCLN
2017-04-27,1807.0,1839.56,1800.28,1835.87,436093,PCLN
2017-04-28,1851.49,1858.61,1838.48,1846.82,477366,PCLN
2017-05-01,1849.9,1890.83,1849.9,1869.92,481924,PCLN
2017-05-02,1874.38,1882.96,1862.45,1880.52,260221,PCLN
2017-05-03,1884.65,1884.99,1865.47,1876.79,301111,PCLN
2017-05-04,1880.0,1917.89,1870.58,1910.41,675793,PCLN
2017-05-05,1918.0,1922.26,1897.38,1903.65,580275,PCLN
2017-05-08,1907.0,1927.13,1896.0,1903.91,585033,PCLN
2017-05-09,1911.44,1915.97,1898.04,1911.13,771471,PCLN
2017-05-10,1853.78,1853.78,1801.0,1824.77,1761068,PCLN
2017-05-11,1819.75,1824.76,1800.71,1813.56,775308,PCLN
2017-05-12,1824.33,1827.57,1814.0,1818.18,638719,PCLN
2017-05-15,1817.97,1827.27,1811.0,1813.81,521947,PCLN
2017-05-16,1819.83,1835.22,1817.56,1829.8,487203,PCLN
2017-05-17,1818.44,1820.46,1793.6,1795.69,621996,PCLN
2017-05-18,1795.0,1814.17,1791.4,1796.03,502975,PCLN
2017-05-19,1800.0,1822.22,1799.67,1808.28,457743,PCLN
2017-05-22,1815.9,1832.46,1813.37,1828.42,367475,PCLN
2017-05-23,1825.44,1832.98,1814.5,1827.94,346402,PCLN
2017-05-24,1829.13,1850.0,1829.13,1848.74,408929,PCLN
2017-05-25,1850.0,1870.39,1848.39,1860.43,532733,PCLN
2017-05-26,1861.55,1869.48,1852.64,1863.9,419645,PCLN
2017-05-30,1857.67,1863.65,1845.6,1857.45,484059,PCLN
2017-05-31,1862.38,1877.09,1850.0,1877.09,560940,PCLN
2017-06-01,1878.25,1894.77,1870.43,1890.82,433818,PCLN
2017-06-02,1899.04,1901.99,1881.02,1895.96,463349,PCLN
2017-06-05,1889.71,1900.25,1888.89,1891.58,327655,PCLN
2017-06-06,1888.94,1908.92,1886.9,1889.86,460249,PCLN
2017-06-07,1890.2,1894.84,1878.48,1890.37,380905,PCLN
2017-06-08,1895.98,1899.13,1884.73,1892.38,339770,PCLN
2017-06-09,1890.0,1895.31,1826.54,1842.12,667008,PCLN
2017-06-12,1835.0,1839.47,1781.11,1812.99,1002189,PCLN
2017-06-13,1825.73,1854.77,1822.62,1843.52,512633,PCLN
2017-06-14,1845.0,1855.56,1815.01,1831.61,551783,PCLN
2017-06-15,1814.0,1819.59,1791.61,1809.2,625344,PCLN
2017-06-16,1816.08,1816.08,1797.36,1802.61,524281,PCLN
2017-06-19,1815.78,1855.9,1812.02,1851.6,562444,PCLN
2017-06-20,1850.0,1858.82,1844.22,1850.64,378773,PCLN
2017-06-21,1854.59,1870.0,1848.04,1867.78,305813,PCLN
2017-06-22,1870.8,1874.89,1861.0,1862.93,278830,PCLN
2017-06-23,1859.55,1876.62,1855.22,1874.28,359891,PCLN
2017-06-26,1880.0,1896.05,1867.64,1876.34,406860,PCLN
2017-06-27,1871.29,1882.05,1852.61,1858.25,339385,PCLN
2017-06-28,1864.66,1898.68,1861.75,1890.21,499875,PCLN
2017-06-29,1881.12,1889.69,1850.5,1876.99,516903,PCLN
2017-06-30,1884.05,1887.01,1870.04,1870.52,461189,PCLN
2017-07-03,1877.67,1884.32,1836.08,1843.13,335102,PCLN
2017-07-05,1845.5,1869.28,1841.37,1866.01,374930,PCLN
2017-07-06,1851.15,1877.3,1845.01,1872.3,422611,PCLN
2017-07-07,1873.86,1921.4,1873.86,1918.5,630990,PCLN
2017-07-10,1920.0,1936.22,1911.45,1921.82,360840,PCLN
2017-07-11,1920.89,1933.55,1903.9,1929.15,318406,PCLN
2017-07-12,1939.22,1951.4,1937.0,1946.18,345043,PCLN
2017-07-13,1950.0,1950.0,1934.73,1940.7,291328,PCLN
2017-07-14,1949.47,1955.62,1942.88,1950.87,302764,PCLN
2017-07-17,1949.11,1955.69,1938.44,1945.46,264664,PCLN
2017-07-18,1949.0,1989.04,1948.26,1976.24,504848,PCLN
2017-07-19,1981.18,1999.0,1980.42,1992.1,361598,PCLN
2017-07-20,2000.48,2008.65,1993.16,1999.22,342482,PCLN
2017-07-21,1993.52,2002.85,1990.18,1994.89,232908,PCLN
2017-07-24,1994.9,2005.09,1992.45,2002.01,261742,PCLN
2017-07-25,2004.69,2023.37,1995.35,2016.91,331163,PCLN
2017-07-26,2019.24,2037.0,2017.56,2033.21,311753,PCLN
2017-07-27,2040.05,2043.95,1996.0,2025.09,487467,PCLN
2017-07-28,2026.47,2040.63,2007.97,2024.06,505472,PCLN
2017-07-31,2030.0,2033.0,2010.24,2028.5,503331,PCLN
2017-08-01,2040.09,2041.49,2017.01,2024.59,371412,PCLN
2017-08-02,2023.45,2025.5,2000.0,2021.37,354292,PCLN
2017-08-03,2020.97,2030.0,2012.55,2027.98,430926,PCLN
2017-08-04,2031.02,2035.47,2020.29,2032.77,333534,PCLN
2017-08-07,2034.73,2044.51,2022.0,2042.64,402270,PCLN
2017-08-08,2044.0,2067.99,2035.11,2049.0,830572,PCLN
2017-08-09,1910.51,1919.99,1875.08,1906.8,2064785,PCLN
2017-08-10,1900.22,1903.86,1845.41,1849.62,1010622,PCLN
2017-08-11,1852.99,1867.4,1845.17,1854.17,620703,PCLN
2017-08-14,1869.87,1877.0,1860.76,1873.95,486074,PCLN
2017-08-15,1879.3,1883.5,1859.05,1860.84,368819,PCLN
2017-08-16,1869.5,1869.5,1852.3,1855.72,396839,PCLN
2017-08-17,1854.47,1854.63,1811.28,1812.97,640512,PCLN
2017-08-18,1809.62,1819.99,1801.0,1810.0,486075,PCLN
2017-08-21,1807.4,1820.25,1787.0,1801.54,462987,PCLN
2017-08-22,1812.5,1821.18,1803.91,1818.2,475660,PCLN
2017-08-23,1815.89,1823.69,1808.17,1813.02,422204,PCLN
2017-08-24,1813.04,1822.47,1801.11,1815.51,316979,PCLN
2017-08-25,1822.83,1822.83,1788.29,1793.48,423164,PCLN
2017-08-28,1800.0,1805.0,1782.45,1789.91,485755,PCLN
2017-08-29,1775.9,1811.0,1774.4,1807.06,488963,PCLN
2017-08-30,1809.1,1818.8,1808.15,1813.0,333409,PCLN
2017-08-31,1821.82,1856.35,1817.26,1852.08,532469,PCLN
2017-09-01,1858.56,1867.49,1848.55,1850.82,379784,PCLN
2017-09-05,1845.75,1848.12,1825.82,1842.89,453473,PCLN
2017-09-06,1824.03,1851.88,1806.03,1842.45,517959,PCLN
2017-09-07,1848.75,1853.87,1841.26,1845.37,321005,PCLN
2017-09-08,1846.94,1854.06,1838.06,1838.57,295503,PCLN
2017-09-11,1852.06,1870.25,1851.89,1868.86,578260,PCLN
2017-09-12,1875.46,1882.9,1858.2,1868.64,345698,PCLN
2017-09-13,1863.64,1873.39,1859.17,1871.17,235717,PCLN
2017-09-14,1860.68,1865.35,1840.61,1845.29,490132,PCLN
2017-09-15,1845.97,1847.52,1836.01,1843.2,379783,PCLN
2017-09-18,1846.56,1867.86,1846.15,1854.18,319676,PCLN
2017-09-19,1859.46,1863.5,1844.6,1859.78,301611,PCLN
2017-09-20,1861.81,1872.81,1853.18,1866.21,253864,PCLN
2017-09-21,1868.72,1876.0,1852.26,1866.35,223359,PCLN
2017-09-22,1864.59,1874.45,1857.74,1862.13,236085,PCLN
2017-09-25,1856.13,1861.39,1810.0,1829.55,614705,PCLN
2017-09-26,1835.45,1843.42,1820.22,1825.92,452741,PCLN
2017-09-27,1831.53,1834.77,1814.11,1818.99,440970,PCLN
2017-09-28,1810.21,1824.37,1806.03,1811.69,311620,PCLN
2017-09-29,1812.53,1839.0,1812.53,1830.82,377517,PCLN
2017-10-02,1838.6,1874.95,1838.6,1857.47,432975,PCLN
2017-10-03,1857.0,1870.0,1857.0,1867.65,286938,PCLN
2017-10-04,1866.3,1895.0,1862.93,1888.7,380187,PCLN
2017-10-05,1894.6,1913.97,1889.01,1909.61,421030,PCLN
2017-10-06,1909.34,1922.0,1904.01,1918.0,291219,PCLN
2017-10-09,1920.3,1939.98,1917.04,1926.93,233466,PCLN
2017-10-10,1938.08,1943.5,1911.9,1916.65,341526,PCLN
2017-10-11,1916.55,1926.64,1908.0,1920.2,221397,PCLN
2017-10-12,1920.2,1924.36,1913.46,1918.95,235260,PCLN
2017-10-13,1932.77,1938.43,1920.02,1929.06,344163,PCLN
2017-10-16,1940.0,1944.99,1922.5,1935.55,224996,PCLN
2017-10-17,1929.01,1938.55,1926.41,1934.53,284992,PCLN
2017-10-18,1935.69,1961.45,1933.99,1941.87,413042,PCLN
2017-10-19,1934.02,1943.49,1923.0,1927.86,365519,PCLN
2017-10-20,1941.78,1946.89,1937.46,1942.11,307539,PCLN
2017-10-23,1950.0,1959.99,1931.28,1934.55,360930,PCLN
2017-10-24,1938.39,1946.68,1927.59,1932.29,342509,PCLN
2017-10-25,1927.58,1935.71,1913.01,1928.81,248216,PCLN
2017-10-26,1937.35,1945.0,1931.01,1939.29,378062,PCLN
2017-10-27,1885.0,1902.52,1869.0,1890.92,903357,PCLN
2017-10-30,1885.15,1891.82,1863.73,1879.73,477002,PCLN
2017-10-31,1884.94,1913.52,1870.0,1911.96,419984,PCLN
2017-11-01,1918.47,1927.73,1910.94,1913.06,379666,PCLN
2017-11-02,1910.83,1917.52,1903.69,1911.14,294588,PCLN
2017-11-03,1914.01,1916.8,1893.57,1894.49,484990,PCLN
2017-11-06,1885.55,1904.98,1875.56,1903.0,1021757,PCLN
2017-11-07,1746.7,1748.0,1638.1,1645.72,3325104,PCLN
2017-11-08,1650.0,1669.98,1630.56,1661.11,1332403,PCLN
2017-11-09,1656.93,1707.22,1640.17,1703.14,1240330,PCLN
2017-11-10,1700.0,1709.52,1682.69,1697.25,725525,PCLN
2017-11-13,1688.4,1722.35,1683.28,1722.15,507333,PCLN
2017-11-14,1710.02,1728.26,1709.98,1719.5,525365,PCLN
2017-11-15,1715.78,1730.03,1706.03,1726.78,525445,PCLN
2017-11-16,1735.54,1741.92,1727.45,1731.65,522372,PCLN
2017-11-17,1731.0,1749.6,1727.34,1747.22,504362,PCLN
2017-11-20,1750.99,1773.08,1747.88,1754.02,513268,PCLN
2017-11-21,1766.51,1771.41,1758.0,1766.67,539928,PCLN
2017-11-22,1771.59,1774.85,1756.03,1759.19,369360,PCLN
2017-11-24,1758.17,1765.74,1754.38,1758.42,186646,PCLN
2017-11-27,1760.15,1777.08,1746.39,1763.4,443251,PCLN
2017-11-28,1763.32,1767.36,1750.11,1752.02,352522,PCLN
2017-11-29,1753.13,1753.13,1717.97,1734.45,540414,PCLN
2017-11-30,1740.95,1750.22,1729.51,1739.71,443703,PCLN
2017-12-01,1726.8,1736.49,1704.12,1735.3,397707,PCLN
2017-12-04,1740.0,1749.82,1721.3,1723.24,502807,PCLN
2017-12-05,1725.82,1741.07,1721.44,1724.88,380794,PCLN
2017-12-06,1716.71,1727.38,1701.89,1719.04,397566,PCLN
2017-12-07,1705.89,1722.29,1690.34,1719.62,504233,PCLN
2017-12-08,1729.6,1739.78,1715.83,1719.84,385822,PCLN
2017-12-11,1720.71,1733.0,1712.74,1715.52,325691,PCLN
2017-12-12,1715.0,1733.4,1713.54,1723.72,457244,PCLN
2017-12-13,1732.0,1746.11,1725.17,1742.61,385982,PCLN
2017-12-14,1744.99,1768.53,1742.67,1760.92,459036,PCLN
2017-12-15,1770.05,1775.73,1758.38,1760.0,610711,PCLN
2017-12-18,1776.87,1786.75,1767.6,1781.35,392922,PCLN
2017-12-19,1783.11,1793.57,1768.96,1780.62,381957,PCLN
2017-12-20,1782.9,1786.54,1770.65,1774.0,406743,PCLN
2017-12-21,1775.14,1788.95,1773.03,1778.79,246562,PCLN
2017-12-22,1778.37,1786.22,1773.09,1775.26,215291,PCLN
2017-12-26,1772.32,1775.26,1752.65,1755.32,232624,PCLN
2017-12-27,1754.24,1761.82,1748.87,1757.88,222577,PCLN
2017-12-28,1758.4,1764.99,1754.37,1764.09,168900,PCLN
2017-12-29,1765.44,1769.99,1737.4,1737.74,298021,PCLN
